TEST_SET,PERFORMANCE
D1,0.6693260869565217
D10,0.2483
D2,0.5922478260869566
D3,0.7574565217391305
D4,0.9939478260869565
D5,0.7528304347826087
D6,0.6165478260869566
D7,0.7997478260869566
D8,0.8001347826086957
D9,0.9532608695652174
