Feature,Importance,Std,Rank
k,3.7328326067509465e-05,2.2045087533362496e-05,0
threshold,0.02597613622289119,0.0006534307307648798,1
InputEntityProfiles,0.0,0.0,2
NumberOfAttributes,0.0,0.0,3
NumberOfDistinctValues,0.0,0.0,4
NumberOfNameValuePairs,0.0,0.0,5
AverageNVPairsPerEntity,0.0,0.0,6
AverageDistinctValuesPerEntity,0.0,0.0,7
AverageNVpairsPerAttribute,0.0,0.0,8
AverageDistinctValuesPerAttribute,0.0,0.0,9
NumberOfMissingNVpairs,0.0,0.0,10
AverageValueLength,0.0,0.0,11
AverageValueTokens,0.0,0.0,12
MaxValuesPerEntity,0.0,0.0,13
clustering_ConnectedComponentsClustering,0.3970054440187944,0.0029029409611234028,14
clustering_KiralyMSMApproximateClustering,-0.05504037304835574,0.0008595639183556805,15
clustering_UniqueMappingClustering,-0.07055232869321637,0.0005359756035049816,16
lm_fasttext,0.013206593855151993,0.0005925011479267318,17
lm_sdistilroberta,-0.003964026099238449,0.0001316827067532939,18
lm_sent_glove,-0.005001112353824322,0.0006942438915891249,19
lm_sminilm,-0.003234686372113593,0.00015838452164278072,20
lm_smpnet,0.0017718113854129137,0.00010511145299205725,21
lm_st5,0.00916272085602241,0.0006624314397508218,22
lm_word2vec,-0.0014881476014834583,0.0005816187986813973,23
