TEST_SET,PERFORMANCE
D1,0.66187
D10,0.299
D2,0.583595
D3,0.80124
D4,0.994735
D5,0.7750049999999999
D6,0.635515
D7,0.800545
D8,0.809575
D9,0.95364
