Dataset,InputEntityProfiles,NumberOfAttributes,NumberOfDistinctValues,NumberOfNameValuePairs,AverageNVPairsPerEntity,AverageDistinctValuesPerEntity,AverageNVpairsPerAttribute,AverageDistinctValuesPerAttribute,NumberOfMissingNVpairs,AverageValueLength,AverageValueTokens,MaxValuesPerEntity
10K,10000,12,40361,106108,10.61,4.04,8842.33,3363.42,13892,72.986,13.1275,12
50K,50000,12,155887,530854,10.62,3.12,44237.83,12990.58,69146,72.88372,13.11958,12
100K,100000,12,279360,1061421,10.61,2.79,88451.75,23280.00,138579,73.00959,13.13094,12
200K,200000,12,503318,2123728,10.62,2.52,176977.33,41943.17,276272,72.96847,13.13221,12
300K,300000,12,715644,3184885,10.62,2.39,265407.08,59637.00,415115,72.9666,13.12697667,12
1M,1000000,12,2115158,10617729,10.62,2.12,884810.75,176263.17,1382271,72.973857,13.131526,12
2M,2000000,12,3977094,21238252,10.62,1.99,1769854.33,331424.50,2761748,72.98953,13.1343115,12
